<!-- https://mujoco.readthedocs.io/en/latest/overview.html?highlight=hello.xml#examples -->

<mujoco>
  <option gravity="0 0 -9.81" />
   <worldbody>
      <light diffuse=".5 .5 .5" pos="0 0 3" dir="0 0 -1"/>
      <geom type="plane" size="1 1 0.1" rgba="0 0.9 0 1"/>
      <body pos="0 0 1">
         <joint type="free"/>
         <geom type="box" size=".1 .2 .3" rgba="0.9 0 0 1"/>
      </body>

      <body pos="0.1 0 1.5" euler="0 90 0">
         <joint type="free"/>
         <geom type="box" size=".1 .2 .3" rgba="0.1 0.8 0.9 1"/>
      </body>

      <body pos="0.2 0 1.8" >
         <joint type="free"/>
         <geom type="sphere" size=".1" rgba="0.7 0.7 0.7 1"/>
      </body>
   </worldbody>
</mujoco>
