<mujoco>
	<option gravity = "0 0 -9.81" />
	<worldbody>
        <light diffuse=".5 .5 .5" pos="0 0 10" dir="0 0 -1"/>
		<geom type="plane" size="5 5 0.1" rgba=".9 .9 .9 1"/>
		<geom pos = "3 0 0.5" type="cylinder" size="0.1 0.5" rgba="0 1 0 1" mass="1"/>
		<body pos="0 0 0.1">
			<joint type="free"/>
			<geom type="sphere" size=".1" rgba=".9 0 0 1" mass="1"/>
		</body>
		<body pos = "3 0 1.1">
			<joint type="free"/>
			<geom type="box" size=".1 .1 .1" rgba="0.95 0.95 0 1" mass="0.1"/>
		</body>
	</worldbody>
</mujoco>
