<mujoco model="a1_description">
    <compiler angle="radian" eulerseq='xyz' meshdir="a1_arm_mesh/"  />
    <visual>
        <!--headlight ambient="0.5 0.5 0.5"/-->
        <!--headlight diffuse="0.4 0.4 0.4"/-->
    </visual>
    <size njmax="500" nconmax="100" />
    <option gravity='0 0 -9.81'
      iterations='50' solver='Newton' timestep='0.0005' />
      <!-- <option>
    		<flag sensornoise="enable" />
    	</option> -->

    <default>
        <!-- <geom contype="1" conaffinity="1" friction="0.6 0.3 0.3" rgba="0.5 0.6 0.7 1" margin="0.001" group="0"/> -->
        <geom contype="1" conaffinity="1" friction="0.6 0.3 0.3" rgba="0.5 0.6 0.7 1" margin="0.001" group="0"/>

        <light castshadow="false" diffuse="1 1 1"/>
        <motor ctrlrange="-33.5 33.5" ctrllimited="true"/>
        <camera fovy="60"/>
        <joint damping="0.01" armature="0.01" frictionloss="0.2" />

    </default>

    <asset>
        <mesh name="trunk" file="trunk.stl" />
        <mesh name="hip" file="hip.stl" />
        <mesh name="thigh_mirror" file="thigh_mirror.stl" />
        <mesh name="calf" file="calf.stl" />
        <mesh name="thigh" file="thigh.stl" />
        <mesh name="chain_link1" file="chain_link1.stl" scale="0.001 0.001 0.001" />
        <mesh name="chain_link2" file="chain_link2.stl" scale="0.001 0.001 0.001" />
        <mesh name="chain_link3" file="chain_link3.stl" scale="0.001 0.001 0.001" />
        <mesh name="chain_link4" file="chain_link4.stl" scale="0.001 0.001 0.001" />
        <mesh name="chain_link5" file="chain_link5.stl" scale="0.001 0.001 0.001" />
        <mesh name="chain_link_grip_l" file="chain_link_grip_l.stl" scale="0.001 0.001 0.001" />
        <mesh name="chain_link_grip_r" file="chain_link_grip_r.stl" scale="0.001 0.001 0.001" />
    </asset>

    <asset>
      <material name='plane' reflectance='0' texrepeat='1 1' texture='plane' texuniform='true'/>
      <material name='robot' rgba='0.9 0.5 0.1 1'/>
      <texture builtin='checker' height='512' name='plane' rgb1='0.2 0.2 0.2' rgb2='0.4 0.4 0.4' type='2d' width='512'/>
      <texture builtin='gradient' height='128' rgb1='0.6 0.8 1' rgb2='0 0 0' type='skybox' width='128'/>
      <!--texture type="skybox" builtin="gradient" rgb1="1.0 1.0 1.0" rgb2="1.0 1.0 1.0" width="512" height="512"/-->
        <!--texture name="plane" type="2d" builtin="flat" rgb1="1 1 1" rgb2="1 1 1" width="512" height="512" mark="cross" markrgb="0 0 0"/-->
        <!--material name="plane" reflectance="0.0" texture="plane" texrepeat="3 3" texuniform="true"/-->
    </asset>

    <visual>
        <rgba com="0.502 1.0 0 0.5" contactforce="0.98 0.4 0.4 0.7" contactpoint="1.0 1.0 0.6 0.4"/>
        <scale com="0.2" forcewidth="0.035" contactwidth="0.10" contactheight="0.04"/>
    </visual>

    <worldbody>
        <light directional="true" diffuse=".8 .8 .8" pos="0 0 10" dir="0 0 -10"/>
        <camera name="track" mode="trackcom" pos="0 -1.3 1.6" xyaxes="1 0 0 0 0.707 0.707"/>
        <geom name='floor' type='plane' conaffinity='1' condim='3' contype='1' rgba="0.5 0.9 0.9 0.1" material='plane' pos='0 0 0' size='0 0 1'/>


        <body name="trunk" pos="0 0 0.45" euler='0 0 0'>
            <inertial pos="0.0127283 0.00218554 0.000514891" quat="0.00186575 0.711506 0.000389649 0.702677" mass="4.714" diaginertia="0.0648213 0.0565803 0.0169323" />
            <joint type="free" />
            <geom type="mesh" contype="0" conaffinity="0" group="1" rgba="0.913725 0.913725 0.847059 1" mesh="trunk" />
            <geom size="0.1335 0.066 0.057" type="box" rgba="0.913725 0.913725 0.847059 0" />
            <geom size="0.0005 0.0005 0.0005" type="box" contype="0" conaffinity="0" group="1" rgba="0.8 0 0 0" />
            <geom size="0.0005 0.0005 0.0005" type="box" rgba="0.8 0 0 0" />
            <site name="imu" pos="0 0 0"/>

            <body name="FR_hip" pos="0.183 -0.047 0">
                <inertial pos="-0.003311 -0.000635 3.1e-05" quat="0.507528 0.506268 0.491507 0.494499" mass="0.696" diaginertia="0.000807752 0.00055293 0.000468983" />
                <joint name="FR_hip_joint" pos="0 0 0" axis="1 0 0" limited="true" range="-0.802851 0.802851" />
                <geom quat="0 1 0 0" type="mesh" contype="0" conaffinity="0" group="1" rgba="0.913725 0.913725 0.847059 1" mesh="hip" />
                <geom size="0.04 0.04" pos="0 -0.055 0" quat="0.707107 0.707107 0 0" type="cylinder" rgba="0.913725 0.913725 0.847059 0" />
                <site name='FR_shoulder' pos='0 0 0' quat='1 0 0 0' size='0.01'/> <!-- added-->
                <body name="FR_thigh" pos="0 -0.08505 0">
                    <inertial pos="-0.003237 0.022327 -0.027326" quat="0.999125 -0.00256393 -0.0409531 -0.00806091" mass="1.013" diaginertia="0.00555739 0.00513936 0.00133944" />
                    <joint name="FR_thigh_joint" pos="0 0 0" axis="0 1 0" limited="true" range="-1.0472 4.18879" />
                    <geom type="mesh" contype="0" conaffinity="0" group="1" rgba="0.913725 0.913725 0.847059 1" mesh="thigh_mirror" />
                    <geom size="0.1 0.01225 0.017" pos="0 0 -0.1" quat="0.707107 0 0.707107 0" type="box" rgba="0.913725 0.913725 0.847059 0" />
                    <body name="FR_calf" pos="0 0 -0.2">
                        <inertial pos="0.00472659 0 -0.131975" quat="0.706886 0.017653 0.017653 0.706886" mass="0.226" diaginertia="0.00340344 0.00339393 3.54834e-05" />
                        <joint name="FR_calf_joint" pos="0 0 0" axis="0 1 0" limited="true" range="-2.69653 -0.916298" />
                        <geom type="mesh" contype="0" conaffinity="0" group="1" rgba="0 0 0 1" mesh="calf" />
                        <geom size="0.1 0.008 0.008" pos="0 0 -0.1" quat="0.707107 0 0.707107 0" type="box" rgba="0 0 0 0" />
                        <geom size="0.01" pos="0 0 -0.2" contype="0" conaffinity="0" group="1" rgba="0 0 0 1" />
                        <geom size="0.02" pos="0 0 -0.2" rgba="0 0 0 1" />
                        <site name='FR_elbow' pos='0 0 0' quat='1 0 0 0' size='0.01'/> <!-- added-->
                        <site name='FR_foot' pos='0 0 -0.2' quat='1 0 0 0' size='0.01'/> <!-- added-->
                        <site name="FR_contact" pos='0 0 -0.2' size='0.025' rgba="1 1 1 0"/> <!-- added-->
                    </body>
                </body>
            </body>
            <body name="FL_hip" pos="0.183 0.047 0">
                <inertial pos="-0.003311 0.000635 3.1e-05" quat="0.494499 0.491507 0.506268 0.507528" mass="0.696" diaginertia="0.000807752 0.00055293 0.000468983" />
                <joint name="FL_hip_joint" pos="0 0 0" axis="1 0 0" limited="true" range="-0.802851 0.802851" />
                <geom type="mesh" contype="0" conaffinity="0" group="1" rgba="0.913725 0.913725 0.847059 1" mesh="hip" />
                <geom size="0.04 0.04" pos="0 0.055 0" quat="0.707107 0.707107 0 0" type="cylinder" rgba="0.913725 0.913725 0.847059 0" />
                <site name='FL_shoulder' pos='0 0 0' quat='1 0 0 0' size='0.01'/> <!-- added-->
                <body name="FL_thigh" pos="0 0.08505 0">
                    <inertial pos="-0.003237 -0.022327 -0.027326" quat="0.999125 0.00256393 -0.0409531 0.00806091" mass="1.013" diaginertia="0.00555739 0.00513936 0.00133944" />
                    <joint name="FL_thigh_joint" pos="0 0 0" axis="0 1 0" limited="true" range="-1.0472 4.18879" />
                    <geom type="mesh" contype="0" conaffinity="0" group="1" rgba="0.913725 0.913725 0.847059 1" mesh="thigh" />
                    <geom size="0.1 0.01225 0.017" pos="0 0 -0.1" quat="0.707107 0 0.707107 0" type="box" rgba="0.913725 0.913725 0.847059 0" />
                    <body name="FL_calf" pos="0 0 -0.2">
                        <inertial pos="0.00472659 0 -0.131975" quat="0.706886 0.017653 0.017653 0.706886" mass="0.226" diaginertia="0.00340344 0.00339393 3.54834e-05" />
                        <joint name="FL_calf_joint" pos="0 0 0" axis="0 1 0" limited="true" range="-2.69653 -0.916298" />
                        <geom type="mesh" contype="0" conaffinity="0" group="1" rgba="0 0 0 1" mesh="calf" />
                        <geom size="0.1 0.008 0.008" pos="0 0 -0.1" quat="0.707107 0 0.707107 0" type="box" rgba="0 0 0 0" />
                        <geom size="0.01" pos="0 0 -0.2" contype="0" conaffinity="0" group="1" rgba="0 0 0 1" />
                        <geom size="0.02" pos="0 0 -0.2" rgba="0 0 0 1" />
                        <site name='FL_elbow' pos='0 0 0' quat='1 0 0 0' size='0.01'/> <!-- added-->
                        <site name='FL_foot' pos='0 0 -0.2' quat='1 0 0 0' size='0.01'/> <!-- added-->
                        <site name="FL_contact" pos='0 0 -0.2' size='0.025' rgba="1 1 1 0"/> <!-- added-->
                    </body>
                </body>
            </body>
            <body name="RR_hip" pos="-0.183 -0.047 0">
                <inertial pos="0.003311 -0.000635 3.1e-05" quat="0.491507 0.494499 0.507528 0.506268" mass="0.696" diaginertia="0.000807752 0.00055293 0.000468983" />
                <joint name="RR_hip_joint" pos="0 0 0" axis="1 0 0" limited="true" range="-0.802851 0.802851" />
                <geom quat="0 0 0 -1" type="mesh" contype="0" conaffinity="0" group="1" rgba="0.913725 0.913725 0.847059 1" mesh="hip" />
                <geom size="0.04 0.04" pos="0 -0.055 0" quat="0.707107 0.707107 0 0" type="cylinder" rgba="0.913725 0.913725 0.847059 0" />
                <site name='RR_shoulder' pos='0 0 0' quat='1 0 0 0' size='0.01'/> <!-- added-->
                <body name="RR_thigh" pos="0 -0.08505 0">
                    <inertial pos="-0.003237 0.022327 -0.027326" quat="0.999125 -0.00256393 -0.0409531 -0.00806091" mass="1.013" diaginertia="0.00555739 0.00513936 0.00133944" />
                    <joint name="RR_thigh_joint" pos="0 0 0" axis="0 1 0" limited="true" range="-1.0472 4.18879" />
                    <geom type="mesh" contype="0" conaffinity="0" group="1" rgba="0.913725 0.913725 0.847059 1" mesh="thigh_mirror" />
                    <geom size="0.1 0.01225 0.017" pos="0 0 -0.1" quat="0.707107 0 0.707107 0" type="box" rgba="0.913725 0.913725 0.847059 0" />
                    <body name="RR_calf" pos="0 0 -0.2">
                        <inertial pos="0.00472659 0 -0.131975" quat="0.706886 0.017653 0.017653 0.706886" mass="0.226" diaginertia="0.00340344 0.00339393 3.54834e-05" />
                        <joint name="RR_calf_joint" pos="0 0 0" axis="0 1 0" limited="true" range="-2.69653 -0.916298" />
                        <geom type="mesh" contype="0" conaffinity="0" group="1" rgba="0 0 0 1" mesh="calf" />
                        <geom size="0.1 0.008 0.008" pos="0 0 -0.1" quat="0.707107 0 0.707107 0" type="box" rgba="0 0 0 0" />
                        <geom size="0.01" pos="0 0 -0.2" contype="0" conaffinity="0" group="1" rgba="0 0 0 1" />
                        <geom size="0.02" pos="0 0 -0.2" rgba="0 0 0 1" />
                        <site name='RR_elbow' pos='0 0 0' quat='1 0 0 0' size='0.01'/> <!-- added-->
                        <site name='RR_foot' pos='0 0 -0.2' quat='1 0 0 0' size='0.01'/> <!-- added-->
                        <site name="RR_contact" pos='0 0 -0.2' size='0.025' rgba="1 1 1 0"/> <!-- added-->
                    </body>
                </body>
            </body>
            <body name="RL_hip" pos="-0.183 0.047 0">
                <inertial pos="0.003311 0.000635 3.1e-05" quat="0.506268 0.507528 0.494499 0.491507" mass="0.696" diaginertia="0.000807752 0.00055293 0.000468983" />
                <joint name="RL_hip_joint" pos="0 0 0" axis="1 0 0" limited="true" range="-0.802851 0.802851" />
                <geom quat="0 0 1 0" type="mesh" contype="0" conaffinity="0" group="1" rgba="0.913725 0.913725 0.847059 1" mesh="hip" />
                <geom size="0.04 0.04" pos="0 0.055 0" quat="0.707107 0.707107 0 0" type="cylinder" rgba="0.913725 0.913725 0.847059 0" />
                <site name='RL_shoulder' pos='0 0 0' quat='1 0 0 0' size='0.01'/> <!-- added-->
                <body name="RL_thigh" pos="0 0.08505 0">
                    <inertial pos="-0.003237 -0.022327 -0.027326" quat="0.999125 0.00256393 -0.0409531 0.00806091" mass="1.013" diaginertia="0.00555739 0.00513936 0.00133944" />
                    <joint name="RL_thigh_joint" pos="0 0 0" axis="0 1 0" limited="true" range="-1.0472 4.18879" />
                    <geom type="mesh" contype="0" conaffinity="0" group="1" rgba="0.913725 0.913725 0.847059 1" mesh="thigh" />
                    <geom size="0.1 0.01225 0.017" pos="0 0 -0.1" quat="0.707107 0 0.707107 0" type="box" rgba="0.913725 0.913725 0.847059 0" />
                    <body name="RL_calf" pos="0 0 -0.2">
                        <inertial pos="0.00472659 0 -0.131975" quat="0.706886 0.017653 0.017653 0.706886" mass="0.226" diaginertia="0.00340344 0.00339393 3.54834e-05" />
                        <joint name="RL_calf_joint" pos="0 0 0" axis="0 1 0" limited="true" range="-2.69653 -0.916298" />
                        <geom type="mesh" contype="0" conaffinity="0" group="1" rgba="0 0 0 1" mesh="calf" />
                        <geom size="0.1 0.008 0.008" pos="0 0 -0.1" quat="0.707107 0 0.707107 0" type="box" rgba="0 0 0 0" />
                        <geom size="0.01" pos="0 0 -0.2" contype="0" conaffinity="0" group="1" rgba="0 0 0 1" />
                        <geom size="0.02" pos="0 0 -0.2" rgba="0 0 0 1" />
                        <site name='RL_elbow' pos='0 0 0' quat='1 0 0 0' size='0.01'/> <!-- added-->
                        <site name='RL_foot' pos='0 0 -0.2' quat='1 0 0 0' size='0.01'/> <!-- added-->
                        <site name="RL_contact" pos='0 0 -0.2' size='0.025' rgba="1 1 1 0"/> <!-- added-->
                    </body>
                </body>
            </body>

            <!-- Added arm here -->
            <geom type="mesh" mesh="chain_link1" rgba="0.913725 0.913725 0.847059 1" />
            <geom type="box" size=".035 .035 .07" rgba="0.913725 0.913725 0.847059 1" pos = "0.09 0 0.087"/>
            <!-- <geom name='floor' type='plane' conaffinity='1' condim='3' contype='1' rgba="0.5 0.9 0.9 0.1" material='plane' pos='0 0 0' size='0 0 1'/> -->
            <!-- <body name="link2" pos="0.012 0 0.017"> -->
            <!-- <body name="link2" pos="0.09 0.0 0.087" euler= "0 0 0"> -->
            <body name="link2" pos="0.09 0.0 0.14" euler= "0 0 0">
            <!-- <body name="link2" pos="0 0 0" euler= "0 0 3.14"> -->
                <inertial pos="-0.000301849 0.000540437 0" quat="0.999915 0.000960074 0.0122201 -0.00449872" mass="0.0984068" diaginertia="3.4553e-05 3.26892e-05 1.88409e-05" />
                <joint name="joint1" pos="0 0 0" axis="0 0 1" />
                <geom pos="0 0 0.019" type="mesh" mesh="chain_link2" rgba="0.913725 0.913725 0.847059 1" />
                <body name="link3" pos="0 0 0.0595">
                    <inertial pos="0.0103084 0.000377434 0.101702" quat="0.71133 0.0466763 0.0513691 0.699423" mass="0.138509" diaginertia="0.000342915 0.000335932 5.49578e-05" />
                    <joint name="joint2" pos="0 0 0" axis="0 1 0" />
                    <geom type="mesh" mesh="chain_link3" rgba="0.913725 0.913725 0.847059 1" />
                    <body name="link4" pos="0.024 0 0.128">
                        <inertial pos="0.0909096 0.000389298 0.000224133" quat="-0.00162881 0.706672 0.0026348 0.707535" mass="0.132746" diaginertia="0.000251551 0.000242311 3.06462e-05" />
                        <joint name="joint3" pos="0 0 0" axis="0 1 0" />
                        <geom type="mesh" mesh="chain_link4" rgba="0.913725 0.913725 0.847059 1" />
                        <body name="link5" pos="0.124 0 0">
                            <inertial pos="0.0447737 3.65846e-07 0.00885244" quat="5.9604e-06 0.701608 -6.05347e-06 0.712564" mass="0.144276" diaginertia="0.00109978 0.0010827 0.00108095" />
                            <joint name="joint4" pos="0 0 0" axis="0 1 0" />
                            <geom type="mesh" mesh="chain_link5" rgba="0.913725 0.913725 0.847059 1" />
                            <body name="gripper_link" pos="0.0817 0.021 0">
                                <inertial pos="0 0 0" mass="0.001" diaginertia="0.001 0.001 0.001" />
                                <joint name="gripper" pos="0 0 0" axis="0 1 0" type="slide" limited="true" range="-0.01 0.019" />
                                <geom type="mesh" mesh="chain_link_grip_l" rgba="0.913725 0.913725 0.847059 1" />
                            </body>
                            <body name="gripper_link_sub" pos="0.0817 -0.021 0">
                                <inertial pos="0 0 0" mass="0.001" diaginertia="0.001 0.001 0.001" />
                                <joint name="gripper_sub" pos="0 0 0" axis="0 -1 0" type="slide" limited="true" range="-0.01 0.019" />
                                <geom type="mesh" mesh="chain_link_grip_r" rgba="0.913725 0.913725 0.847059 1" />
                            </body>
                        </body>
                    </body>
                </body>
            </body>
            <!-- arm ends -->
        </body>
    </worldbody>
    <actuator>
        <motor name="FR_hip"       gear="1" joint="FR_hip_joint"/>
        <motor name="FR_thigh"       gear="1" joint="FR_thigh_joint"/>
        <motor name="FR_calf"       gear="1" joint="FR_calf_joint"/>
        <motor name="FL_hip"     gear="1" joint="FL_hip_joint"/>
        <motor name="FL_thigh"     gear="1" joint="FL_thigh_joint"/>
        <motor name="FL_calf"     gear="1" joint="FL_calf_joint"/>
        <motor name="RR_hip"      gear="1" joint="RR_hip_joint"/>
        <motor name="RR_thigh"   gear="1" joint="RR_thigh_joint"/>
        <motor name="RR_calf"   gear="1" joint="RR_calf_joint" />
        <motor name="RL_hip"      gear="1" joint="RL_hip_joint"/>
        <motor name="RL_thigh"      gear="1" joint="RL_thigh_joint"/>
        <motor name="RL_calf"      gear="1" joint="RL_calf_joint"/>
        <position name="j1_p" joint="joint1" kp="50" />
    		<velocity name="j1_v" joint="joint1" kv="1" />
        <position name="j2_p" joint="joint2" kp="50" />
    		<velocity name="j2_v" joint="joint2" kv="1" />
        <position name="j3_p" joint="joint3" kp="50" />
    		<velocity name="j3_v" joint="joint3" kv="1" />
        <position name="j4_p" joint="joint4" kp="50" />
    		<velocity name="j4_v" joint="joint4" kv="1" />
        <position name="grip1_p" joint="gripper" kp="1" />
        <velocity name="grip1_v" joint="gripper" kv="0.1" />
        <position name="grip2_p" joint="gripper_sub" kp="1" />
        <velocity name="grip2_v" joint="gripper_sub" kv="0.1" />
    </actuator>

    <sensor>
        <jointpos name="FR_hip_pos"     joint="FR_hip_joint"/>
        <jointpos name="FR_thigh_pos"   joint="FR_thigh_joint"/>
        <jointpos name="FR_calf_pos"    joint="FR_calf_joint"/>
        <jointpos name="FL_hip_pos"     joint="FL_hip_joint"/>
        <jointpos name="FL_thigh_pos"   joint="FL_thigh_joint"/>
        <jointpos name="FL_calf_pos"    joint="FL_calf_joint"/>
        <jointpos name="RR_hip_pos"     joint="RR_hip_joint"/>
        <jointpos name="RR_thigh_pos"   joint="RR_thigh_joint"/>
        <jointpos name="RR_calf_pos"    joint="RR_calf_joint" />
        <jointpos name="RL_hip_pos"     joint="RL_hip_joint"/>
        <jointpos name="RL_thigh_pos"   joint="RL_thigh_joint"/>
        <jointpos name="RL_calf_pos"    joint="RL_calf_joint"/>

        <jointvel name="FR_hip_vel"     joint="FR_hip_joint"/>
        <jointvel name="FR_thigh_vel"   joint="FR_thigh_joint"/>
        <jointvel name="FR_calf_vel"    joint="FR_calf_joint"/>
        <jointvel name="FL_hip_vel"     joint="FL_hip_joint"/>
        <jointvel name="FL_thigh_vel"   joint="FL_thigh_joint"/>
        <jointvel name="FL_calf_vel"    joint="FL_calf_joint"/>
        <jointvel name="RR_hip_vel"     joint="RR_hip_joint"/>
        <jointvel name="RR_thigh_vel"   joint="RR_thigh_joint"/>
        <jointvel name="RR_calf_vel"    joint="RR_calf_joint" />
        <jointvel name="RL_hip_vel"     joint="RL_hip_joint"/>
        <jointvel name="RL_thigh_vel"   joint="RL_thigh_joint"/>
        <jointvel name="RL_calf_vel"    joint="RL_calf_joint"/>

        <!-- <accelerometer name="Body_Acc" site="imu" noise="1"/> -->
        <accelerometer name="Body_Acc" site="imu"/>

        <gyro name="Body_Gyro" site="imu"/>

        <!--framepos name="Body_Pos" objtype=site objname="imu"/-->
        <!--framequat name="Body_Quat" objtype=site objname="imu"/-->

        <framepos  name='Body_Pos' objtype='xbody' objname='trunk' /> <!-- changed to xbody-->
        <framequat name='Body_Quat' objtype='xbody' objname='trunk' /> <!-- changed to xbody-->

       <framelinvel name='Body_LinVel' objtype='body' objname='trunk' />

       <framepos  name='FR_foot_pos' objtype='site' objname='FR_foot' /> <!-- added-->
       <framepos  name='FL_foot_pos' objtype='site' objname='FL_foot' /> <!-- added-->
       <framepos  name='RR_foot_pos' objtype='site' objname='RR_foot' /> <!-- added-->
       <framepos  name='RL_foot_pos' objtype='site' objname='RL_foot' /> <!-- added-->

       <framepos  name='FR_shoulder_pos' objtype='site' objname='FR_shoulder' /> <!-- added-->
       <framepos  name='FL_shoulder_pos' objtype='site' objname='FL_shoulder' /> <!-- added-->
       <framepos  name='RR_shoulder_pos' objtype='site' objname='RR_shoulder' /> <!-- added-->
       <framepos  name='RL_shoulder_pos' objtype='site' objname='RL_shoulder' /> <!-- added-->

       <framepos  name='FR_elbow_pos' objtype='site' objname='FR_elbow' /> <!-- added-->
       <framepos  name='FL_elbow_pos' objtype='site' objname='FL_elbow' /> <!-- added-->
       <framepos  name='RR_elbow_pos' objtype='site' objname='RR_elbow' /> <!-- added-->
       <framepos  name='RL_elbow_pos' objtype='site' objname='RL_elbow' /> <!-- added-->

       <subtreecom  name='robot_com' body='trunk' /> <!-- added-->

       <framelinvel  name='FR_foot_vel' objtype='site' objname='FR_foot' /> <!-- added-->
       <framelinvel  name='FL_foot_vel' objtype='site' objname='FL_foot' /> <!-- added-->
       <framelinvel  name='RR_foot_vel' objtype='site' objname='RR_foot' /> <!-- added-->
       <framelinvel  name='RL_foot_vel' objtype='site' objname='RL_foot' /> <!-- added-->

       <framelinvel  name='FR_shoulder_vel' objtype='site' objname='FR_shoulder' /> <!-- added-->
       <framelinvel  name='FL_shoulder_vel' objtype='site' objname='FL_shoulder' /> <!-- added-->
       <framelinvel  name='RR_shoulder_vel' objtype='site' objname='RR_shoulder' /> <!-- added-->
       <framelinvel  name='RL_shoulder_vel' objtype='site' objname='RL_shoulder' /> <!-- added-->

       <touch name="FR_footForce" site="FR_contact"/> <!-- added-->
       <touch name="FL_footForce" site="FL_contact"/> <!-- added-->
       <touch name="RR_footForce" site="RR_contact"/> <!-- added-->
       <touch name="RL_footForce" site="RL_contact"/> <!-- added-->

       <!-- <jointpos name="j1_pos"     joint="joint1"/>
       <jointpos name="j2_pos"     joint="joint2"/>
       <jointpos name="j3_pos"     joint="joint3"/>
       <jointpos name="j4_pos"     joint="joint4"/>
       <jointpos name="grip1_pos"     joint="gripper"/>
       <jointpos name="grip2_pos"     joint="gripper_sub"/> -->


    </sensor>

</mujoco>
